,0,geometry,value,class
0,1,POINT (740369.77018207 5032078.683217759),[1894 1994 2112 2318],1
1,2,POINT (737542.9241300947 5031770.11903603),[1440 1650 1449 5021],1
2,3,POINT (736726.7221010033 5031411.786437892),[1666 1972 1819 3437],1
3,4,POINT (736816.3052505377 5027470.127858377),[1858 2078 2190 2436],1
4,5,POINT (736746.6294675665 5031362.018021484),[2194 2304 2268 3075],1
5,6,POINT (739245.0039712489 5029859.011845962),[2346 2512 2542 3780],1
6,7,POINT (738936.4397895192 5031352.064338203),[1869 2096 2224 3453],1
7,8,POINT (749497.2977512998 5040101.351942731),[1767 1996 2164 2479],1
8,9,POINT (749318.131452231 5040141.166675858),[2330 2572 2506 2653],1
9,10,POINT (737572.7851799396 5030058.085511594),[2048 2274 2262 3529],1
10,11,POINT (738189.913543399 5030754.843341306),[1802 2060 2026 3452],1
11,12,POINT (737483.2020304052 5033740.948325787),[2382 2622 2754 3667],1
12,13,POINT (743485.2730492117 5032158.312684013),[2860 2976 3248 3958],1
13,14,POINT (743535.0414656197 5029789.336062991),[1891 2134 1950 4086],1
14,15,POINT (746361.887517595 5033442.337827339),[1850 1987 1992 2725],1
15,16,POINT (734397.5602131082 5027539.803641348),[3238 3446 3248 3564],1
16,17,POINT (738120.2377604278 5040728.433989473),[2250 2360 2404 2578],1
17,18,POINT (747297.5337460656 5028296.283570751),[2268 2548 2612 2761],1
18,19,POINT (738179.9598601173 5031929.377968536),[2250 2506 2522 3100],1
19,20,POINT (743694.3003981253 5033502.059927029),[2484 2686 2690 3460],1
20,21,POINT (735801.0295558142 5031083.3148896),[1692 1924 1912 3256],1
21,22,POINT (737413.5262474339 5038508.762617675),[2192 2422 2460 3084],1
22,23,POINT (742987.5888851315 5029948.594995497),[2200 2384 2288 2860],1
23,24,POINT (737831.5809452612 5031461.5548543),[2664 2782 2810 3048],1
24,25,POINT (746580.8685497901 5026862.9531782),[2358 2532 3290 3592],1
25,26,POINT (745376.4728727163 5037782.143738118),[1937 2216 2130 4062],1
26,27,POINT (737901.2567282325 5031650.6748366505),[1833 1919 1828 3998],1
27,28,POINT (736418.1579192736 5029102.531916561),[1946 2170 2162 3117],1
28,29,POINT (739016.0692557719 5029640.030813767),[2272 2426 2488 2748],1
29,30,POINT (741663.7490086784 5031839.794819001),[1631 1816 1766 2475],1
30,31,POINT (740071.1596836218 5029162.254016249),[1613 2016 1752 2488],1
31,32,POINT (738598.0145579446 5031730.304302904),[1756 2104 1881 4555],1
32,33,POINT (737592.6925465028 5032904.838930133),[2102 2206 2230 3273],1
33,34,POINT (744908.6497584808 5037503.440606233),[2010 2022 2056 2599],1
34,35,POINT (740548.9364811388 5029739.567646583),[2444 2688 2816 3257],1
35,36,POINT (740320.001765662 5030914.102273812),[2346 2610 2666 2972],1
36,37,POINT (740389.6775486332 5038568.484717364),[4400 4668 4528 4881],1
37,38,POINT (740499.1680647308 5025479.391202057),[1974 2124 2206 2387],1
38,39,POINT (742738.7468030915 5032018.9611180695),[2044 2188 2252 2769],1
39,40,POINT (734377.652846545 5030336.788643479),[2272 2428 2364 3432],1
40,41,POINT (743047.3109848212 5032158.312684013),[2000 2166 2266 2722],1
41,42,POINT (741046.620645219 5027519.8962747855),[1811 2162 2064 3316],1
42,43,POINT (735980.1958548831 5031123.129622726),[2136 2518 2556 3394],1
43,44,POINT (736895.9347167906 5027380.544708843),[2094 2278 2324 2835],1
44,45,POINT (737503.1093969684 5030774.750707869),[2384 2356 2402 2423],1
45,46,POINT (746531.1001333821 5035472.889216786),[1928 2088 2376 2735],1
46,47,POINT (737343.8504644627 5038767.558382996),[2278 2448 2418 2927],1
47,48,POINT (740389.6775486332 5030993.731740065),[4124 4672 4912 5032],1
48,49,POINT (748123.6894584387 5034268.493539712),[1824 1916 1968 2898],1
49,50,POINT (745983.647552894 5032586.321065121),[2328 2656 2830 3440],1
50,51,POINT (742420.2289380801 5031461.5548543),[2902 2906 3016 2965],1
51,52,POINT (731919.0930759892 5039593.71409537),[1416 1430 4836 5289],1
52,53,POINT (740757.9638300525 5027380.544708843),[3492 3624 3502 3591],1
53,54,POINT (748193.3652414099 5029152.300332968),[1732 2042 1652 4296],1
54,55,POINT (742987.5888851315 5031580.999053679),[1818 2050 2168 2465],1
55,56,POINT (735920.4737551935 5028903.458250928),[1879 2096 1994 4006],1
56,57,POINT (736039.9179545727 5032218.034783702),[1991 2260 2428 2547],1
57,58,POINT (744829.0202922281 5037344.181673727),[2544 2826 2902 3054],1
58,59,POINT (737453.3409805603 5030824.519124278),[1790 1883 1936 2495],1
59,60,POINT (736308.667403176 5032068.729534478),[2010 2308 2158 3238],1
60,61,POINT (738369.0798424678 5039275.196230358),[1930 2046 2098 2397],1
61,62,POINT (737831.5809452612 5031590.952736961),[2272 2480 2656 3254],1
62,63,POINT (739702.8734022026 5024951.845988132),[2636 2736 2470 2457],1
63,64,POINT (738349.1724759046 5039295.103596922),[2026 2070 2094 2260],1
64,65,POINT (738040.6082941749 5031252.527505387),[2438 2564 2628 2851],1
65,66,POINT (741176.0185278798 5027609.47942432),[1996 2188 2140 3683],1
66,67,POINT (736736.675784285 5029480.771881261),[2176 1812 1894 2816],1
67,68,POINT (748063.967358749 5034447.659838781),[2084 2102 2344 2387],1
68,69,POINT (740499.1680647308 5027071.980527113),[2328 2644 2588 3343],1
69,70,POINT (735781.122189251 5031501.369587426),[6680 7236 7664 8028],1
70,71,POINT (735472.5580075213 5032018.9611180695),[2222 2366 2344 2951],1
71,72,POINT (744838.9739755096 5037174.96905794),[2426 2634 2684 3278],1
72,73,POINT (739264.9113378121 5031680.535886495),[1947 2118 2158 2714],1
73,74,POINT (745346.6118228714 5037413.857456699),[2096 2324 2288 3676],1
74,75,POINT (743027.403618258 5030048.131828313),[1908 1978 1984 2439],1
75,76,POINT (736667.0000013137 5031411.786437892),[2306 2544 2650 3159],1
76,77,POINT (746998.9232476174 5033372.662044368),[1916 2176 2160 2739],1
77,78,POINT (744729.483459412 5034467.567205344),[2506 2716 2762 2843],1
78,79,POINT (745595.4539049115 5031670.582203214),[1444 1722 1561 3618],1
79,80,POINT (744570.2245269064 5024165.505008886),[1850 2316 2038 4540],1
80,81,POINT (737632.5072796291 5031222.666455542),[2104 2250 2332 2667],1
81,82,POINT (735681.585356435 5031690.489569777),[1584 1872 1656 4591],1
82,83,POINT (742688.9783866834 5030207.3907608185),[2698 2786 2902 3087],1
83,84,POINT (744440.8266442455 5030665.260191772),[1264 1454 1274 4687],1
84,85,POINT (740718.1490969261 5035950.666014303),[2076 2136 2152 2167],1
85,86,POINT (740140.8354665932 5024912.031255006),[2804 2992 2938 2932],1
86,87,POINT (744520.4561104984 5035462.935533505),[1894 2132 2124 2631],1
87,88,POINT (746949.1548312095 5033392.569410931),[2622 2878 2966 3201],1
88,89,POINT (744709.5760928488 5033093.958912483),[2242 2420 2470 2775],1
89,90,POINT (743166.7551842004 5029470.81819798),[2560 2748 2916 3036],1
90,91,POINT (744221.8456120503 5034606.9187712865),[2784 2972 2910 3933],1
91,92,POINT (739991.5302173691 5031770.11903603),[2412 2738 2818 3155],1
92,93,POINT (746103.0917522733 5031660.628519932),[1808 2022 1906 4016],1
93,94,POINT (735502.4190573662 5031670.582203214),[2142 2396 2450 2670],1
94,95,POINT (735890.6127053486 5031690.489569777),[2658 2784 2806 3169],1
95,96,POINT (734676.2633449931 5030814.565440996),[2200 2328 2182 3488],1
96,97,POINT (741136.2037947534 5027191.424726493),[1936 2238 2324 2778],1
97,98,POINT (735572.0948403374 5028465.496186538),[2366 2552 2500 3176],1
98,99,POINT (735840.8442889407 5031143.036989288),[1628 1754 1908 2289],1
99,100,POINT (737493.1557136867 5033312.939944678),[2426 2638 2728 3015],1
100,101,POINT (740907.2690792765 5023110.414581035),[1266 1642 1238 6273],3
101,102,POINT (749696.3714169319 5024543.744973586),[1366 1708 1524 5164],3
102,103,POINT (751159.5628593275 5025578.928034873),[1244 1494 1216 6239],3
103,104,POINT (749029.4746370645 5040559.221373685),[1279 1502 1266 4812],3
104,105,POINT (751249.146008862 5023478.700862454),[1241 1507 1206 4788],3
105,106,POINT (748760.7251884612 5035940.712331021),[1242 1486 1227 5224],3
106,107,POINT (750850.9986775978 5034835.853486763),[1251 1463 1237 3662],3
107,108,POINT (748671.1420389268 5040180.981408984),[1231 1423 1222 5005],3
108,109,POINT (743495.2267324933 5039892.324593818),[1276 1436 1266 3935],3
109,110,POINT (738170.0061768357 5025618.742767999),[1307 1640 1296 4021],3
110,111,POINT (749985.0282320983 5040091.39825945),[1245 1390 1241 4063],3
111,112,POINT (747994.2915757778 5037254.598524193),[1232 1384 1194 4680],3
112,113,POINT (748880.1693878404 5026345.361647557),[1234 1426 1232 4410],3
113,114,POINT (734178.5791809129 5023448.839812609),[1256 1486 1232 4903],3
114,115,POINT (743226.47728389 5036657.377527297),[1276 1544 1273 4941],3
115,116,POINT (745704.9444210092 5036229.369146188),[1276 1622 1270 5664],3
116,117,POINT (747068.5990305888 5035263.861867872),[1224 1424 1204 5011],3
117,118,POINT (734765.8464945275 5022612.730416955),[1281 1542 1235 6180],3
118,119,POINT (732755.2024716438 5029610.169763922),[1510 1634 1594 3099],3
119,120,POINT (746222.5359516524 5037254.598524193),[1247 1476 1250 4540],3
120,121,POINT (744341.2898114296 5036000.434430711),[1220 1372 1206 3890],3
121,122,POINT (751348.6828416779 5024902.077571724),[1261 1447 1224 4438],3
122,123,POINT (751497.988090902 5021896.06522068),[1237 1434 1246 4124],3
123,124,POINT (748312.809440789 5035452.981850223),[1258 1566 1270 5436],3
124,125,POINT (741733.4247916496 5026026.843782545),[1303 1583 1292 5036],3
125,126,POINT (742330.6457885457 5022861.572498995),[1296 1640 1315 6024],3
126,127,POINT (745904.0180866412 5025270.3638531435),[1273 1483 1282 3512],3
127,128,POINT (752095.2090877981 5038249.966852353),[1321 1600 1398 4307],3
128,129,POINT (742300.784738701 5022294.212551944),[1224 1450 1219 5753],3
129,130,POINT (744341.2898114296 5040220.796142111),[1219 1483 1195 5124],3
130,131,POINT (740130.8817833115 5023807.172410747),[1284 1520 1260 4164],3
131,132,POINT (748710.9567720531 5030615.491775364),[1310 1684 1292 5589],3
132,133,POINT (734327.884430137 5026544.4353131885),[1259 1479 1218 5139],3
133,134,POINT (738767.2271737319 5036756.9143601125),[1240 1453 1205 4441],3
134,135,POINT (743823.6982807862 5034766.177703792),[1216 1411 1214 4253],3
135,136,POINT (738906.5787396743 5037234.69115763),[1323 1594 1276 5444],3
136,137,POINT (750761.4155280634 5024006.24607638),[1220 1422 1201 5560],3
137,138,POINT (738846.8566399848 5023150.229314161),[1270 1564 1235 6499],3
138,139,POINT (738637.829291071 5027480.081541659),[1252 1484 1221 5211],3
139,140,POINT (752344.0511698383 5031829.84113572),[1234 1457 1228 3952],3
140,141,POINT (742838.2836359075 5027609.47942432),[1342 1606 1334 4650],3
141,142,POINT (741375.0921935119 5027908.089922768),[1266 1520 1272 5021],3
142,143,POINT (736109.5937375439 5035343.491334125),[1254 1455 1240 4487],3
143,144,POINT (751955.8575218557 5040021.722476479),[1211 1498 1193 5660],3
144,145,POINT (732526.2677561669 5031531.230637271),[1290 1432 1284 3452],3
145,146,POINT (734118.8570812234 5024095.829225914),[1272 1522 1237 4805],3
146,147,POINT (748173.4578748466 5039265.242547077),[1219 1394 1207 3944],3
147,148,POINT (744619.9929433144 5038030.985820158),[1225 1440 1214 5400],3
148,149,POINT (747327.3947959103 5030267.112860507),[1291 1584 1271 4831],3
149,150,POINT (750343.3608302361 5033382.615727649),[1242 1393 1209 3919],3
150,151,POINT (745466.0560222507 5036488.1649115095),[1319 1591 1342 4573],3
151,152,POINT (749706.3251002135 5027171.517359929),[1267 1447 1264 3933],3
152,153,POINT (732914.4614041494 5037981.21740375),[1292 1683 1243 6679],3
153,154,POINT (741235.7406275694 5027062.026843832),[1304 1645 1298 5714],3
154,155,POINT (745784.5738872619 5040220.796142111),[1229 1468 1207 4745],3
155,156,POINT (749328.0851355125 5031770.11903603),[1266 1463 1298 3707],3
156,157,POINT (733312.6087354135 5025748.14065066),[1236 1420 1231 4027],3
157,158,POINT (748611.4199392372 5030953.917006939),[1265 1445 1231 4264],3
158,159,POINT (752005.6259382637 5028236.561471061),[1284 1488 1255 3756],3
159,160,POINT (738777.1808570136 5025887.492216603),[1258 1439 1245 4603],3
160,161,POINT (735233.6696087628 5022473.378851012),[1318 1619 1320 5092],3
161,162,POINT (745296.8434064634 5026862.9531782),[1237 1496 1207 5968],3
162,163,POINT (749945.2134989719 5024046.060809506),[1292 1516 1258 4012],3
163,164,POINT (750632.0176454026 5039882.3709105365),[1242 1433 1227 5196],3
164,165,POINT (734178.5791809129 5028415.727770129),[1270 1478 1228 4508],3
165,166,POINT (742659.1173368386 5024225.2271085745),[1245 1512 1206 6310],3
166,167,POINT (747347.3021624736 5021856.250487553),[1266 1542 1276 4444],3
167,168,POINT (751089.8870763563 5034935.390319579),[1322 1646 1323 4268],3
168,169,POINT (739155.4208217144 5038449.040517985),[1283 1462 1247 4436],3
169,170,POINT (748213.2726079731 5024225.2271085745),[1246 1487 1203 5920],3
170,171,POINT (733949.6444654361 5031929.377968536),[1304 1586 1310 5037],3
171,172,POINT (749089.1967367542 5022602.776733673),[1426 1788 1600 4177],3
172,173,POINT (743525.087782338 5024205.319742012),[1217 1443 1216 4984],3
173,174,POINT (743485.2730492117 5037095.339591688),[1280 1574 1270 5552],3
174,175,POINT (739991.5302173691 5029341.420315319),[1720 2002 1890 4021],3
175,176,POINT (739145.4671384328 5025011.568087822),[1270 1648 1239 5668],3
176,177,POINT (748462.1146900131 5035671.962882418),[1256 1514 1234 5024],3
177,178,POINT (740937.1301291214 5021736.806288174),[1223 1496 1204 6016],3
178,179,POINT (743306.1067501428 5022264.351502099),[1261 1540 1213 4903],3
179,180,POINT (744321.3824448664 5040439.777174306),[1264 1530 1241 4964],3
180,181,POINT (737672.3220127556 5023100.460897754),[1630 1892 1636 4938],3
181,182,POINT (731839.4636097363 5037821.958471244),[1549 1742 1813 2469],3
182,183,POINT (751846.3670057581 5039713.1582947485),[1195 1439 1186 4944],3
183,184,POINT (741862.8226743104 5025180.780703609),[1323 1539 1331 4219],3
184,185,POINT (737771.8588455716 5024543.744973586),[1321 1697 1333 5339],3
185,186,POINT (742977.63520185 5022742.128299616),[1450 1669 1490 4291],3
186,187,POINT (746730.1737990142 5038598.345767209),[1220 1394 1202 4343],3
187,188,POINT (740748.0101467709 5026126.380615361),[1272 1484 1227 5939],3
188,189,POINT (741245.694310851 5028883.550884365),[1253 1399 1231 4780],3
189,190,POINT (733392.2382016664 5037403.903773417),[1264 1500 1248 4706],3
190,191,POINT (740260.2796659723 5035562.472366321),[1268 1532 1230 4534],3
191,192,POINT (748730.8641386164 5036299.044929159),[1182 1396 1190 4759],3
192,193,POINT (737562.8314966579 5022065.277836467),[1278 1538 1242 3945],3
193,194,POINT (731829.5099264546 5037403.903773417),[1269 1469 1224 5035],3
194,195,POINT (745257.028673337 5031441.647487737),[1286 1520 1241 5883],3
195,196,POINT (740270.2333492539 5027131.702626803),[1318 1486 1382 3940],3
196,197,POINT (749138.9651531621 5037005.756442153),[1209 1416 1185 5100],3
197,198,POINT (734626.4949285851 5021726.852604892),[1318 1572 1317 4365],3
198,199,POINT (739185.2818715592 5036946.034342463),[1369 1684 1328 5243],3
199,200,POINT (733183.2108527527 5035940.712331021),[1294 1474 1268 3522],3
200,201,POINT (743176.708867482 5037244.644840911),[1359 1739 1400 5304],4
201,202,POINT (748272.9947076626 5034268.493539712),[1452 1725 1734 3743],4
202,203,POINT (744351.2434947111 5039105.983614571),[1372 1674 1427 4787],4
203,204,POINT (735064.4569929757 5035363.398700688),[1388 1578 1514 3013],4
204,205,POINT (744719.5297761305 5036687.238577141),[1304 1603 1384 3899],4
205,206,POINT (743953.096163447 5037393.950090135),[1416 1696 1576 3678],4
206,207,POINT (734377.652846545 5033860.392525166),[1352 1736 1369 4884],4
207,208,POINT (751318.8217918332 5034666.640870976),[1550 1893 1850 3235],4
208,209,POINT (733720.7097499593 5040210.842458829),[1354 1642 1384 4451],4
209,210,POINT (738060.5156607381 5039902.278277099),[1327 1656 1425 4400],4
210,211,POINT (733481.8213512008 5035671.962882418),[1388 1600 1486 3070],4
211,212,POINT (745784.5738872619 5035861.082864769),[1370 1618 1354 5040],4
212,213,POINT (731889.2320261443 5033979.836724546),[1370 1672 1487 4660],4
213,214,POINT (749138.9651531621 5023458.793495892),[1402 1784 1454 5313],4
214,215,POINT (741185.9722111614 5028356.00567044),[1530 1845 1726 4173],4
215,216,POINT (739792.456551737 5023757.4039943395),[1312 1555 1332 5064],4
216,217,POINT (750721.600794937 5027997.673072303),[1496 1804 1820 3389],4
217,218,POINT (744829.0202922281 5027838.414139797),[1337 1732 1339 5889],4
218,219,POINT (748432.2536401683 5027808.553089952),[1656 1892 2084 2565],4
219,220,POINT (742848.2373191891 5037901.5879374975),[1380 1717 1488 4728],4
220,221,POINT (743833.6519640677 5023379.164029638),[1344 1552 1422 3557],4
221,222,POINT (744152.1698290791 5037841.865837808),[1416 1842 1421 5472],4
222,223,POINT (741544.3048092991 5021796.528387864),[1429 1724 1561 4452],4
223,224,POINT (737692.2293793188 5034656.687187695),[1490 1768 1605 4009],4
224,225,POINT (745077.8623742681 5037145.108008095),[1292 1530 1311 4729],4
225,226,POINT (733810.2928994937 5034049.512507517),[1344 1632 1350 4932],4
226,227,POINT (750174.1482144488 5026494.66689678),[1382 1691 1456 4509],4
227,228,POINT (751916.0427887293 5039275.196230358),[1302 1686 1376 5465],4
228,229,POINT (743166.7551842004 5039743.019344593),[1396 1697 1389 5552],4
229,230,POINT (733193.1645360343 5032427.062132616),[1439 1848 1430 5248],4
230,231,POINT (748352.6241739155 5024991.660721258),[1348 1634 1468 4444],4
231,232,POINT (749258.4093525413 5023936.570293408),[1451 1789 1621 4614],4
232,233,POINT (737224.4062650835 5037433.764823262),[1313 1592 1268 5643],4
233,234,POINT (734098.9497146602 5032934.699979978),[1324 1708 1342 5695],4
234,235,POINT (738896.6250563927 5025927.306949729),[1325 1588 1318 4803],4
235,236,POINT (737582.7388632211 5040330.286658208),[1384 1785 1370 6241],4
236,237,POINT (735502.4190573662 5038668.02155018),[1349 1560 1389 3729],4
237,238,POINT (734716.0780781195 5035791.407081798),[1340 1728 1390 5331],4
238,239,POINT (739603.3365693865 5037155.061691377),[1346 1704 1388 4963],4
239,240,POINT (735273.4843418893 5034119.188290488),[1450 1828 1600 4944],4
240,241,POINT (735781.122189251 5039046.261514882),[1374 1711 1334 5816],4
241,242,POINT (751836.4133224764 5037005.756442153),[1316 1584 1369 4279],4
242,243,POINT (747635.95897764 5022005.555736777),[1484 1928 1712 4517],4
243,244,POINT (734606.5875620219 5039524.038312399),[1355 1708 1364 4721],4
244,245,POINT (747904.7084262434 5022483.332534295),[1332 1686 1389 4831],4
245,246,POINT (752334.0974865566 5038956.678365347),[1294 1656 1336 5220],4
246,247,POINT (734686.2170282747 5040678.665573064),[1418 1650 1602 3277],4
247,248,POINT (737712.136745882 5036737.00699355),[1396 1638 1444 4643],4
248,249,POINT (749308.1777689494 5023876.848193719),[1392 1841 1408 6260],4
249,250,POINT (743823.6982807862 5038677.975233463),[1403 1694 1522 3777],4
250,251,POINT (738359.1261591861 5039324.964646766),[1390 1771 1509 5244],4
251,252,POINT (741484.5827096095 5027052.07316055),[1389 1940 1347 7388],4
252,253,POINT (734039.2276149705 5034487.474571907),[1488 1684 1716 2791],4
253,254,POINT (749138.9651531621 5025847.677483476),[1397 1776 1404 4730],4
254,255,POINT (743843.6056473494 5024215.273425293),[1305 1659 1397 4985],4
255,256,POINT (751169.5165426091 5026096.519565516),[1424 1764 1603 4368],4
256,257,POINT (737921.1640947957 5035054.834518959),[1352 1693 1469 4651],4
257,258,POINT (752085.2554045166 5026693.740562412),[1415 1802 1498 5288],4
258,259,POINT (746690.3590658878 5035492.796583349),[1298 1625 1407 5013],4
259,260,POINT (732954.2761372759 5040758.295039318),[1405 1750 1407 5644],4
260,261,POINT (734686.2170282747 5034636.779821131),[1578 1800 1866 2748],4
261,262,POINT (736268.8526700495 5039464.316212709),[1442 1651 1544 3137],4
262,263,POINT (748601.4662559555 5028365.959353722),[1488 1767 1800 3003],4
263,264,POINT (752224.606970459 5034507.3819384705),[1474 1734 1768 2928],4
264,265,POINT (734775.8001778092 5033153.681012172),[1496 1807 1596 4141],4
265,266,POINT (744122.3087792343 5038259.920535635),[1387 1772 1405 4884],4
266,267,POINT (741763.2858414943 5039743.019344593),[1601 1874 2011 3480],4
267,268,POINT (732655.6656388277 5038946.724682066),[1445 1672 1698 2832],4
268,269,POINT (750074.6113816327 5028774.060368267),[1348 1644 1366 4516],4
269,270,POINT (751567.6638738732 5031740.257986185),[1308 1642 1396 4816],4
270,271,POINT (733939.6907821544 5035482.842900068),[1368 1588 1428 3368],4
271,272,POINT (740091.067050185 5038668.02155018),[1556 1808 1902 2897],4
272,273,POINT (751995.6722549822 5035502.750266631),[1358 1704 1436 4852],4
273,274,POINT (752294.2827534302 5023618.052428397),[1394 1594 1486 3019],4
274,275,POINT (748989.6599039381 5027878.228872923),[1464 1982 1501 5144],4
275,276,POINT (744251.7066618952 5023299.534563386),[1367 1634 1443 4203],4
276,277,POINT (747516.5147782608 5025489.344885338),[1380 1698 1357 5698],4
277,278,POINT (746859.571681675 5033969.8830412645),[1648 1922 1782 3927],4
278,279,POINT (743982.9572132918 5023339.349296512),[1322 1497 1336 3368],4
279,280,POINT (751577.6175571549 5023000.924064938),[1489 1703 1698 2786],4
280,281,POINT (748860.2620212772 5033263.1715282705),[1338 1846 1315 6876],4
281,282,POINT (750253.7776807017 5039235.381497232),[1263 1477 1319 4135],4
282,283,POINT (732994.0908704022 5024852.309155316),[1625 1905 2028 3238],4
283,284,POINT (748581.5588893923 5028326.1446205955),[1512 1798 1852 2956],4
284,285,POINT (742499.858404333 5039902.278277099),[1558 1919 1805 4330],4
285,286,POINT (741504.4900761727 5038946.724682066),[1453 1788 1639 3796],4
286,287,POINT (749805.8619330295 5028903.458250928),[1450 1905 1512 4636],4
287,288,POINT (745804.4812538251 5023010.877748219),[1368 1631 1364 4896],4
288,289,POINT (745495.9170720954 5025021.521771103),[1656 1969 2082 2882],4
289,290,POINT (751318.8217918332 5026852.999494918),[1328 1536 1284 4840],4
290,291,POINT (732406.8235567877 5040768.248722599),[1581 1826 2064 2498],4
291,292,POINT (734198.4865474761 5040091.39825945),[1618 1926 1927 3920],4
292,293,POINT (737970.9325112037 5035920.804964459),[1386 1686 1394 4990],4
293,294,POINT (734546.8654623323 5040081.444576168),[1636 2011 2160 4207],4
294,295,POINT (752174.838554051 5025041.429137667),[1390 1788 1425 5452],4
295,296,POINT (741723.471108368 5024464.115507334),[1378 1731 1456 4553],4
296,297,POINT (747954.4768426514 5023020.831431501),[1354 1749 1328 6228],4
297,298,POINT (734208.4402307578 5036985.849075589),[1850 2220 2548 4271],4
298,299,POINT (735910.5200719119 5038837.234165967),[1379 1590 1402 3788],4
299,300,POINT (748342.6704906339 5028495.357236383),[1290 1480 1293 4408],4
300,301,POINT (747655.8663442032 5028465.496186538),[1311 1551 1301 4964],5
301,302,POINT (734238.3012806026 5035044.8808356775),[1360 1602 1332 5033],5
302,303,POINT (745436.1949724058 5025678.464867689),[1576 1844 1874 3421],5
303,304,POINT (748561.6515228292 5025658.557501126),[1344 1604 1374 4468],5
304,305,POINT (750233.8703141385 5025827.770116913),[1241 1396 1221 3889],5
305,306,POINT (745685.037054446 5025678.464867689),[2100 2528 3000 4684],5
306,307,POINT (744848.9276587913 5025260.410169861),[1433 1785 1616 3915],5
307,308,POINT (749258.4093525413 5026225.917448177),[1344 1660 1321 4884],5
308,309,POINT (734307.9770635738 5035094.649252085),[1361 1642 1331 4841],5
309,310,POINT (744968.3718581705 5025121.058603919),[1396 1704 1467 4136],5
310,311,POINT (744629.946626596 5025111.104920638),[1357 1690 1448 4451],5
311,312,POINT (740399.6312319147 5038498.808934393),[1542 1781 1874 2714],5
312,313,POINT (746103.0917522733 5038329.596318606),[1506 1702 1698 2573],5
313,314,POINT (747765.3568603009 5028296.283570751),[1301 1544 1278 5251],5
314,315,POINT (734128.810764505 5034965.251369424),[1376 1648 1383 4517],5
315,316,POINT (752005.6259382637 5022861.572498995),[1295 1504 1318 4586],5
316,317,POINT (744301.4750783031 5024971.753354695),[1442 1766 1610 4034],5
317,318,POINT (746033.4159693021 5035572.426049602),[1898 2152 2316 3038],5
318,319,POINT (740469.3070148859 5038498.808934393),[1583 1820 1908 2534],5
319,320,POINT (739215.142921404 5037812.004787963),[1301 1482 1283 5508],5
320,321,POINT (733899.8760490281 5040678.665573064),[1442 1731 1510 4404],5
321,322,POINT (733969.5518319993 5035293.722917717),[1317 1572 1291 4416],5
322,323,POINT (744600.0855767512 5025021.521771103),[1525 1830 1665 4284],5
323,324,POINT (744829.0202922281 5024354.624991235),[1447 1716 1544 3835],5
324,325,POINT (734108.9033979417 5035084.695568804),[1358 1618 1316 5082],5
325,326,POINT (733969.5518319993 5035403.213433815),[1334 1608 1308 4356],5
326,327,POINT (748093.8284085938 5025897.445899884),[1366 1662 1428 4164],5
327,328,POINT (745764.6665206987 5025588.881718154),[1525 1711 1772 2227],5
328,329,POINT (742778.5615362179 5040489.545590714),[1348 1652 1406 4208],5
329,330,POINT (733989.4591985625 5035144.417668493),[1332 1636 1278 5371],5
330,331,POINT (734088.9960313785 5022234.490452254),[1423 1723 1502 4331],5
331,332,POINT (742798.468902781 5040429.823491025),[1386 1643 1430 3928],5
332,333,POINT (752194.7459206142 5022841.665132432),[1324 1540 1358 4196],5
333,334,POINT (738438.755625439 5037523.347972796),[1561 1912 1930 4136],5
334,335,POINT (752284.3290701486 5022961.109331811),[1396 1640 1508 3464],5
335,336,POINT (744769.2981925384 5024912.031255006),[1392 1754 1474 3974],5
336,337,POINT (748910.0304376852 5027728.923623699),[1542 1782 1882 2288],5
337,338,POINT (743903.327747039 5037463.6258731065),[1438 1579 1775 2593],5
338,339,POINT (739961.6691675242 5040708.526622909),[1501 1658 1810 2728],5
339,340,POINT (744440.8266442455 5025529.159618465),[1453 1780 1575 4332],5
340,341,POINT (746083.18438571 5038558.531034083),[1363 1697 1346 4887],5
341,342,POINT (744938.5108083257 5025011.568087822),[1339 1618 1362 4936],5
342,343,POINT (744271.6140284583 5024822.448105471),[1452 1716 1608 4179],5
343,344,POINT (734168.6254976314 5035263.861867872),[1353 1672 1367 4856],5
344,345,POINT (733929.7370988729 5034915.482953017),[1335 1617 1322 5280],5
345,346,POINT (751567.6638738732 5028236.561471061),[1561 1867 1952 3508],5
346,347,POINT (738866.764006548 5037921.49530406),[1292 1463 1287 4871],5
347,348,POINT (744201.938245487 5024832.4017887525),[1432 1652 1511 4252],5
348,349,POINT (732367.0088236613 5039215.474130669),[1394 1788 1388 4824],5
349,350,POINT (733850.10763262 5035034.927152395),[1349 1703 1296 5045],5
350,351,POINT (745197.3065736474 5025927.306949729),[1336 1564 1327 5440],5
351,352,POINT (742758.6541696547 5040479.591907432),[1358 1610 1423 3900],5
352,353,POINT (733840.1539493385 5040658.758206502),[1452 1678 1705 3010],5
353,354,POINT (734009.3665651258 5034975.2050527055),[1358 1723 1306 4885],5
354,355,POINT (746013.5086027388 5039016.400465037),[1438 1648 1749 2578],5
355,356,POINT (745854.2496702331 5038439.086834704),[1342 1600 1390 4075],5
356,357,POINT (733889.9223657465 5035373.35238397),[1363 1634 1321 4920],5
357,358,POINT (738747.3198071687 5037742.329004992),[1305 1538 1349 4608],5
358,359,POINT (739145.4671384328 5037971.263720469),[1307 1513 1332 4823],5
359,360,POINT (744391.0582278376 5025349.993319396),[1478 1786 1624 3797],5
360,361,POINT (745724.8517875724 5025588.881718154),[1809 2266 2426 4439],5
361,362,POINT (739245.0039712489 5038040.93950344),[1278 1518 1298 5144],5
362,363,POINT (739195.2355548409 5038160.383702819),[1327 1524 1351 4351],5
363,364,POINT (749258.4093525413 5026315.500597712),[1324 1598 1300 5336],5
364,365,POINT (739812.3639183003 5038299.735268761),[1311 1516 1246 6153],5
365,366,POINT (744301.4750783031 5026634.018462723),[1550 1780 1846 3288],5
366,367,POINT (745336.6581395898 5025449.530152212),[1744 2136 2164 5248],5
367,368,POINT (744231.7992953319 5026604.157412878),[1473 1676 1830 2531],5
368,369,POINT (738846.8566399848 5037881.680570934),[1302 1534 1335 4684],5
369,370,POINT (744868.8350253545 5024991.660721258),[1349 1624 1362 4992],5
370,371,POINT (744709.5760928488 5025310.17858627),[1500 1782 1767 3501],5
371,372,POINT (747815.125276709 5028385.866720285),[1302 1529 1285 5254],5
372,373,POINT (734148.7181310682 5035632.148149292),[1343 1633 1298 4888],5
373,374,POINT (734009.3665651258 5022194.675719128),[1466 1710 1667 3666],5
374,375,POINT (736935.749449917 5037095.339591688),[1410 1701 1444 4508],5
375,376,POINT (750303.5460971097 5028903.458250928),[1322 1588 1310 4880],5
376,377,POINT (745177.3992070842 5026046.751149108),[1364 1665 1446 4264],5
377,378,POINT (744261.6603451767 5024941.89230485),[1440 1736 1626 3930],5
378,379,POINT (739762.5955018922 5026484.713213499),[1628 1768 1860 2240],5
379,380,POINT (734168.6254976314 5035253.908184591),[1362 1650 1353 4915],5
380,381,POINT (745734.8054708539 5025628.696451281),[1880 2284 2488 4221],5
381,382,POINT (734108.9033979417 5034925.436636298),[1331 1617 1334 5059],5
382,383,POINT (734178.5791809129 5035164.325035056),[1370 1664 1352 4475],5
383,384,POINT (739603.3365693865 5037911.541620779),[1263 1432 1230 5220],5
384,385,POINT (745057.9550077049 5025459.483835493),[1358 1656 1458 4372],5
385,386,POINT (733999.4128818441 5035671.962882418),[1367 1761 1329 5027],5
386,387,POINT (739065.83767218 5037941.402670624),[1278 1427 1252 5134],5
387,388,POINT (745983.647552894 5038339.550001888),[1520 1800 1913 2731],5
388,389,POINT (734198.4865474761 5035612.240782728),[1358 1679 1324 5255],5
389,390,POINT (733879.9686824649 5035074.741885522),[1331 1674 1323 4727],5
390,391,POINT (744759.3445092569 5025349.993319396),[1359 1697 1440 4298],5
391,392,POINT (744709.5760928488 5025379.854369241),[1451 1720 1664 3830],5
392,393,POINT (745864.2033535148 5038737.6973331515),[1439 1775 1626 3961],5
393,394,POINT (745077.8623742681 5025479.391202057),[1453 1794 1652 3941],5
394,395,POINT (744211.8919287687 5024921.984938287),[1419 1696 1582 4088],5
395,396,POINT (738408.8945755942 5037393.950090135),[1681 2032 2186 4288],5
396,397,POINT (745675.0833711643 5025330.085952832),[1475 1706 1519 3285],5
397,398,POINT (748989.6599039381 5027798.59940667),[1413 1728 1530 4236],5
398,399,POINT (749427.6219683286 5026275.685864585),[1314 1594 1294 5707],5
399,400,POINT (745864.2033535148 5025588.881718154),[1488 1678 1716 2425],5
400,401,POINT (737204.4988985203 5034596.965088005),[2360 2488 2558 2994],6
401,402,POINT (745157.491840521 5024981.707037977),[1902 2188 2094 4184],6
402,403,POINT (735990.1495381647 5037105.293274969),[2028 2234 2242 3307],6
403,404,POINT (738906.5787396743 5037593.023755767),[1574 1883 1872 3047],6
404,405,POINT (750671.832378529 5036607.609110889),[1952 2166 2150 2808],6
405,406,POINT (748322.7631240707 5039762.926711157),[1926 2370 2512 3440],6
406,407,POINT (740091.067050185 5024663.1891729655),[1684 1925 1719 3890],6
407,408,POINT (745625.3149547563 5027330.776292435),[1710 1964 1908 3322],6
408,409,POINT (732874.646671023 5030426.371793013),[1918 2150 2208 2749],6
409,410,POINT (748671.1420389268 5024225.2271085745),[1339 1621 1451 4188],6
410,411,POINT (740250.3259826908 5024852.309155316),[2060 2446 2578 3037],6
411,412,POINT (738677.6440241975 5037304.366940601),[1516 1749 1672 3802],6
412,413,POINT (740190.6038830011 5024862.262838597),[2632 2926 2998 3056],6
413,414,POINT (745943.8328197675 5027440.266808532),[2082 2362 2248 4240],6
414,415,POINT (738956.3471560824 5029012.948767026),[2204 2440 2394 2997],6
415,416,POINT (749636.6493172422 5039643.482511777),[1642 1946 1916 3572],6
416,417,POINT (751806.5522726317 5038558.531034083),[1447 1768 1717 3266],6
417,418,POINT (745386.4265559978 5023488.6545457365),[1698 1866 1986 2424],6
418,419,POINT (745207.260256929 5036448.350178383),[1554 1878 1799 3235],6
419,420,POINT (752403.7732695278 5038100.6616031295),[1538 1846 1772 3445],6
420,421,POINT (738677.6440241975 5029411.09609829),[2460 2664 2580 2951],6
421,422,POINT (742380.4142049537 5024822.448105471),[1338 1618 1331 5289],6
422,423,POINT (748830.4009714324 5039683.297244905),[1580 1850 1830 3520],6
423,424,POINT (751935.9501552925 5038528.669984238),[1934 2214 2386 2586],6
424,425,POINT (741524.3974427358 5028176.839371371),[1936 2176 2078 3742],6
425,426,POINT (750870.9060441611 5036737.00699355),[2200 2390 2444 2687],6
426,427,POINT (740071.1596836218 5024772.679689063),[2080 2342 2226 3013],6
427,428,POINT (737503.1093969684 5025797.909067068),[1508 1760 1750 3076],6
428,429,POINT (737513.0630802499 5034656.687187695),[1962 2246 2152 3483],6
429,430,POINT (741912.5910907184 5027300.91524259),[1741 1999 1886 4264],6
430,431,POINT (744918.6034417625 5027788.6457233885),[1751 1998 1917 3197],6
431,432,POINT (738767.2271737319 5029261.790849066),[2280 2494 2572 2766],6
432,433,POINT (742390.3678882354 5035502.750266631),[1648 1988 1853 3746],6
433,434,POINT (744978.3255414522 5036508.072278073),[2390 2598 2714 3137],6
434,435,POINT (751607.4786069996 5036896.265926056),[1492 1888 1594 5000],6
435,436,POINT (738498.4777251286 5037523.347972796),[2008 2234 2320 2694],6
436,437,POINT (736597.3242183424 5033681.226226098),[2178 2338 2472 2971],6
437,438,POINT (732426.7309233509 5030705.074924898),[1816 2084 2370 2863],6
438,439,POINT (750960.4891936955 5036607.609110889),[1988 2258 2382 2721],6
439,440,POINT (752214.6532871774 5038289.78158548),[1664 1969 1954 3259],6
440,441,POINT (739075.7913554616 5037374.042723572),[1917 2162 2332 2587],6
441,442,POINT (751975.764888419 5038488.855251112),[1568 1794 1816 2187],6
442,443,POINT (749646.6030005239 5039543.945678961),[1626 1858 1860 3031],6
443,444,POINT (736199.1768870783 5036995.802758872),[2180 2426 2412 3571],6
444,445,POINT (737552.8778133764 5040021.722476479),[1969 2348 2560 3167],6
445,446,POINT (738030.6546108933 5040579.128740248),[1608 1806 1970 1873],6
446,447,POINT (735601.9558901822 5024414.347090925),[2462 2824 2836 3230],6
447,448,POINT (744669.7613597225 5027699.062573854),[1755 1968 1868 3115],6
448,449,POINT (740011.4375839323 5024782.633372345),[1968 2256 2148 3360],6
449,450,POINT (745973.6938696124 5027201.378409774),[1480 1792 1730 4190],6
450,451,POINT (749616.7419506791 5022214.583085691),[1812 2094 2002 3438],6
451,452,POINT (749666.5103670871 5039593.71409537),[1806 2050 2096 3112],6
452,453,POINT (748999.6135872196 5040449.730857587),[1448 1816 1647 4535],6
453,454,POINT (746212.5822683709 5027131.702626803),[2462 2596 2622 3288],6
454,455,POINT (742201.2479058849 5031501.369587426),[1784 1946 1982 2226],6
455,456,POINT (745963.7401863307 5027410.405758687),[2712 2782 2772 3281],6
456,457,POINT (738797.0882235767 5029301.605582193),[2720 2930 3008 3350],6
457,458,POINT (738020.7009276117 5040658.758206502),[1370 1552 1389 4424],6
458,459,POINT (748860.2620212772 5039703.204611467),[1426 1579 1576 3293],6
459,460,POINT (740419.538598478 5026713.6479289755),[2206 2444 2488 2963],6
460,461,POINT (746182.721218526 5026325.454280993),[2084 2398 2442 3135],6
461,462,POINT (750313.4997803912 5038727.74364987),[2034 2236 2176 2959],6
462,463,POINT (740379.7238653515 5026813.1847617915),[2334 2524 2548 3149],6
463,464,POINT (738140.145126991 5039484.223579272),[2128 2484 2396 3642],6
464,465,POINT (748720.9104553348 5023389.1177129205),[1301 1460 1342 3688],6
465,466,POINT (745884.110720078 5027261.100509464),[1776 2072 1985 3768],6
466,467,POINT (750990.3502435402 5036707.145943705),[2332 2528 2396 3011],6
467,468,POINT (749089.1967367542 5023269.673513541),[2036 2214 2236 2727],6
468,469,POINT (732924.415087431 5030436.325476295),[1994 2296 2358 2775],6
469,470,POINT (740329.9554489435 5026643.972146004),[2410 2722 2606 4028],6
470,471,POINT (740538.9827978573 5026683.786879131),[1849 2068 1976 2945],6
471,472,POINT (749985.0282320983 5039752.973027876),[1830 2136 2122 3153],6
472,473,POINT (750602.1565955577 5021756.713654737),[2400 2782 2860 3599],6
473,474,POINT (744610.0392600328 5027669.201524009),[1571 1888 1718 3972],6
474,475,POINT (734775.8001778092 5029649.984497048),[2012 2174 2114 2315],6
475,476,POINT (738697.5513907607 5037662.6995387385),[1646 1921 1948 3234],6
476,477,POINT (750960.4891936955 5036687.238577141),[2048 2220 2244 2709],6
477,478,POINT (742181.3405393217 5031401.83275461),[2192 2320 2446 2750],6
478,479,POINT (744868.8350253545 5027738.877306981),[1641 1862 1792 3376],6
479,480,POINT (749776.0008831847 5039533.99199568),[1856 2130 2200 2876],6
480,481,POINT (749109.1041033173 5022085.18520303),[1482 1739 1648 3188],6
481,482,POINT (738160.0524935541 5040559.221373685),[1660 1824 1970 1820],6
482,483,POINT (740429.4922817596 5026683.786879131),[2026 2266 2368 2996],6
483,484,POINT (740051.2523170586 5024742.818639218),[2178 2402 2406 2912],6
484,485,POINT (740907.2690792765 5028535.171969509),[2080 2432 2444 3744],6
485,486,POINT (740130.8817833115 5024802.540738908),[1628 1962 1700 4107],6
486,487,POINT (752144.9775042062 5028395.820403567),[1788 2060 2136 3842],6
487,488,POINT (750014.8892819432 5039792.787761002),[1556 1819 1709 3663],6
488,489,POINT (737532.9704468132 5034636.779821131),[2580 2758 2848 3110],6
489,490,POINT (748193.3652414099 5025260.410169861),[2230 2520 2608 3082],6
490,491,POINT (740051.2523170586 5024862.262838597),[2876 3350 3332 3425],6
491,492,POINT (749825.7692995927 5039484.223579272),[1398 1708 1584 3578],6
492,493,POINT (748830.4009714324 5024085.875542632),[1514 1864 1574 5271],6
493,494,POINT (745207.260256929 5036816.636459802),[1817 2036 2074 2440],6
494,495,POINT (732585.9898558565 5030884.241223967),[1708 1924 2030 2405],6
495,496,POINT (739961.6691675242 5024732.864955937),[1920 2140 2156 2546],6
496,497,POINT (749029.4746370645 5040429.823491025),[1490 1802 1668 3717],6
497,498,POINT (737741.9977957268 5039374.733063174),[1982 2204 2210 3609],6
498,499,POINT (733033.9056035286 5030685.167558335),[1684 1928 1868 3410],6
499,500,POINT (744928.557125044 5036557.840694481),[2550 2704 2760 2968],6
500,501,POINT (747307.4874293471 5025230.549120016),[1992 2250 2196 3718],7
501,502,POINT (742231.1089557298 5022423.610434605),[2084 2188 2158 3475],7
502,503,POINT (749347.9925020757 5022702.313566489),[1374 1546 1415 4060],7
503,504,POINT (750293.592413828 5028405.774086848),[1416 1618 1466 3567],7
504,505,POINT (741215.8332610062 5035871.03654805),[1600 1874 1702 4752],7
505,506,POINT (734258.2086471658 5039285.14991364),[1553 1830 1570 4100],7
506,507,POINT (748422.2999568867 5027918.043606049),[1460 1826 1605 4312],7
507,508,POINT (749795.9082497479 5028654.616168888),[1752 2016 2016 3803],7
508,509,POINT (738468.6166752838 5034676.594554258),[1872 2078 1980 4716],7
509,510,POINT (746351.9338343133 5035761.546031953),[2398 2610 2612 3286],7
510,511,POINT (742310.7384219825 5022045.370469904),[1398 1700 1376 5566],7
511,512,POINT (732038.5372753683 5039225.42781395),[1350 1700 1391 4905],7
512,513,POINT (738667.6903409159 5031949.285335098),[2126 2328 2368 3665],7
513,514,POINT (747247.7653296576 5027460.174175096),[1528 1788 1667 3854],7
514,515,POINT (737095.0083824226 5034437.706155499),[2336 2512 2604 3138],7
515,516,POINT (737871.3956783876 5032018.9611180695),[1640 1960 2014 3678],7
516,517,POINT (734427.4212629531 5033760.85569235),[2346 2658 2632 3580],7
517,518,POINT (742728.7931198098 5031879.609552127),[1898 2068 1968 3578],7
518,519,POINT (749776.0008831847 5025340.039636115),[1616 1836 2014 3053],7
519,520,POINT (742131.5721229137 5022015.509420059),[1536 1816 1704 3637],7
520,521,POINT (745635.2686380378 5026444.8984803725),[2052 2312 2294 3337],7
521,522,POINT (743156.8015009188 5027639.340474165),[1928 2138 2150 3293],7
522,523,POINT (738329.2651093414 5037304.366940601),[2468 2760 2704 3522],7
523,524,POINT (746222.5359516524 5025728.233284097),[2012 2210 2100 3149],7
524,525,POINT (739583.4292028233 5025200.6880701715),[1346 1628 1348 4688],7
525,526,POINT (741902.6374074369 5024384.48604108),[1796 1938 1850 4175],7
526,527,POINT (732884.6003543045 5037075.432225124),[2196 2360 2310 3686],7
527,528,POINT (738269.5430096517 5032546.506331995),[1590 1777 1766 3365],7
528,529,POINT (744779.2518758201 5027569.664691193),[2284 2516 2570 3224],7
529,530,POINT (742420.2289380801 5027450.220491814),[2194 2384 2388 3257],7
530,531,POINT (736219.0842536415 5023608.098745115),[1714 1966 1799 3642],7
531,532,POINT (749148.9188364437 5028853.68983452),[1472 1846 1670 4539],7
532,533,POINT (733123.488753063 5030157.62234441),[1370 1616 1448 4340],7
533,534,POINT (734526.958095769 5030675.213875053),[1360 1644 1438 4414],7
534,535,POINT (746630.6369661982 5039514.084629117),[1842 2023 1928 3972],7
535,536,POINT (740329.9554489435 5036597.655427607),[1532 1813 1644 4680],7
536,537,POINT (749298.2240856678 5033402.523094213),[1294 1507 1297 5848],7
537,538,POINT (743306.1067501428 5026136.334298642),[2066 2520 2214 3849],7
538,539,POINT (737871.3956783876 5037742.329004992),[2494 2698 2748 3157],7
539,540,POINT (737741.9977957268 5038190.244752664),[1347 1708 1466 4676],7
540,541,POINT (735353.1138081421 5039713.1582947485),[1787 2022 1752 3940],7
541,542,POINT (733979.5055152809 5030247.205493945),[1994 2246 2166 3611],7
542,543,POINT (742450.089987925 5036727.053310268),[1958 2058 1964 4428],7
543,544,POINT (745396.3802392795 5027410.405758687),[1890 2188 2214 3553],7
544,545,POINT (749019.5209537828 5022881.479865558),[1251 1374 1294 2157],7
545,546,POINT (743087.1257179476 5036866.404876211),[1844 2190 2130 3858],7
546,547,POINT (744809.1129256649 5026912.721594607),[1618 2009 1844 4271],7
547,548,POINT (731939.0004425523 5036965.941709027),[1983 2390 2228 3830],7
548,549,POINT (748591.512572674 5028047.44148871),[1660 1912 1971 2768],7
549,550,POINT (744251.7066618952 5025190.73438689),[1340 1632 1384 4387],7
550,551,POINT (740499.1680647308 5028465.496186538),[1735 2064 1935 3698],7
551,552,POINT (734576.726512177 5030814.565440996),[1406 1715 1619 3827],7
552,553,POINT (737732.0441124452 5035751.592348671),[1740 1986 1858 3531],7
553,554,POINT (744261.6603451767 5024324.76394139),[1698 1800 1866 3810],7
554,555,POINT (734427.4212629531 5033730.994642505),[2576 2822 2798 3596],7
555,556,POINT (742659.1173368386 5031401.83275461),[1914 2302 2226 4421],7
556,557,POINT (746192.6749018077 5036299.044929159),[1725 2062 1915 4180],7
557,558,POINT (731998.7225422419 5036229.369146188),[1684 1903 1789 3249],7
558,559,POINT (748332.7168073523 5027281.007876026),[1423 1694 1535 4230],7
559,560,POINT (751935.9501552925 5039394.640429738),[1934 2224 2136 4160],7
560,561,POINT (734984.8275267228 5025987.029049419),[1403 1610 1504 3374],7
561,562,POINT (740608.6585808285 5039295.103596922),[1510 1714 1587 4728],7
562,563,POINT (734178.5791809129 5039743.019344593),[1490 1846 1638 4476],7
563,564,POINT (738090.3767105829 5036259.230196033),[1534 1780 1716 4195],7
564,565,POINT (746680.4053826062 5025648.603817844),[1706 2042 1802 4480],7
565,566,POINT (737214.4525818018 5033830.531475321),[1656 1964 1992 3447],7
566,567,POINT (743654.4856649989 5038827.280482686),[2230 2644 2438 3586],7
567,568,POINT (742430.1826213618 5039792.787761002),[1568 1785 1632 3931],7
568,569,POINT (745376.4728727163 5025718.279600815),[1583 1820 1704 4349],7
569,570,POINT (745306.797089745 5022214.583085691),[1502 1756 1515 3577],7
570,571,POINT (737304.0357313363 5033760.85569235),[2026 2260 2318 3290],7
571,572,POINT (735402.8822245501 5031571.045370398),[2404 2456 2482 3434],7
572,573,POINT (738130.1914437093 5034427.752472218),[2064 2290 2260 3768],7
573,574,POINT (739563.5218362601 5035532.611316476),[1688 1954 1800 4088],7
574,575,POINT (733939.6907821544 5022652.545150082),[1496 1753 1550 4104],7
575,576,POINT (737493.1557136867 5039305.057280203),[2574 2732 2796 3261],7
576,577,POINT (748651.2346723636 5023936.570293408),[1799 2050 1998 4017],7
577,578,POINT (737831.5809452612 5037493.486922951),[1568 1920 1816 4051],7
578,579,POINT (747148.2284968415 5027818.506773233),[1254 1532 1252 5223],7
579,580,POINT (738787.1345402951 5031113.175939444),[1257 1546 1253 5032],7
580,581,POINT (743664.4393482805 5025071.290187511),[1800 2072 1973 3691],7
581,582,POINT (738170.0061768357 5036209.461779625),[1594 1880 1794 3600],7
582,583,POINT (740389.6775486332 5039643.482511777),[1469 1628 1472 4607],7
583,584,POINT (734835.5222774987 5029968.502362059),[1920 2194 2028 3830],7
584,585,POINT (752015.5796215454 5035413.1671170965),[1668 1938 1794 3917],7
585,586,POINT (735014.6885765676 5039663.389878341),[1915 2122 1969 3743],7
586,587,POINT (737373.7115143075 5039583.760412088),[1506 1805 1631 4212],7
587,588,POINT (742499.858404333 5027480.081541659),[1502 1774 1666 4144],7
588,589,POINT (747367.2095290368 5027300.91524259),[1641 1795 1800 2984],7
589,590,POINT (742559.5805040227 5027480.081541659),[1961 2138 2144 3396],7
590,591,POINT (738836.9029567031 5033840.485158604),[1583 1918 1726 4470],7
591,592,POINT (740568.843847702 5028465.496186538),[2272 2474 2410 3456],7
592,593,POINT (748243.1336578178 5026434.94479709),[1450 1766 1874 4604],7
593,594,POINT (738727.4124406055 5025230.549120016),[1690 2130 1904 3536],7
594,595,POINT (748243.1336578178 5027848.367823078),[1826 2196 2102 3315],7
595,596,POINT (735432.7432743949 5022413.6567513235),[1446 1835 1582 4748],7
596,597,POINT (746023.4622860204 5032168.266367294),[1695 1958 2050 3025],7
597,598,POINT (734208.4402307578 5039225.42781395),[1524 1835 1534 4287],7
598,599,POINT (732317.2404072533 5032287.710566673),[1883 2304 2070 4222],7
599,600,POINT (736109.5937375439 5023359.256663076),[1416 1767 1557 4660],7
600,601,POINT (747247.7653296576 5032427.062132616),[1741 1941 1894 3543],8
601,602,POINT (744838.9739755096 5033512.01361031),[2278 2442 2542 3003],8
602,603,POINT (735333.2064415789 5031003.685423346),[1388 1624 1414 3998],8
603,604,POINT (735761.2148226878 5029470.81819798),[1856 2060 2018 3370],8
604,605,POINT (747227.8579630944 5039922.185643663),[1321 1633 1419 3962],8
605,606,POINT (742688.9783866834 5033332.847311242),[1438 1752 1594 4307],8
606,607,POINT (735104.271726102 5027071.980527113),[1921 2009 1968 3553],8
607,608,POINT (745028.0939578601 5034895.575586453),[1469 1752 1507 4976],8
608,609,POINT (739842.224968145 5023448.839812609),[1824 2028 1914 3554],8
609,610,POINT (732128.1204249028 5037005.756442153),[1534 1708 1650 3154],8
610,611,POINT (741942.4521405632 5025340.039636115),[1353 1762 1348 5621],8
611,612,POINT (745675.0833711643 5029510.632931106),[1378 1661 1477 4421],8
612,613,POINT (741832.9616244656 5030356.696010042),[1852 2202 2062 4409],8
613,614,POINT (742221.1552724481 5032904.838930133),[1376 1532 1381 4639],8
614,615,POINT (738986.2082059272 5030645.352825209),[1508 1884 1664 4951],8
615,616,POINT (735940.3811217566 5026295.593231148),[1333 1645 1304 6279],8
616,617,POINT (733730.6634332408 5024493.976557178),[1306 1642 1304 5229],8
617,618,POINT (736358.435819584 5025668.511184407),[1898 2172 2023 3662],8
618,619,POINT (744988.2792247337 5033631.457809689),[1462 1754 1484 4772],8
619,620,POINT (733939.6907821544 5024882.170205161),[1462 1724 1493 3973],8
620,621,POINT (734417.4675796714 5031809.933769156),[1790 1838 1828 3446],8
621,622,POINT (734288.0696970106 5025419.669102367),[1310 1610 1268 6015],8
622,623,POINT (744600.0855767512 5031362.018021484),[1336 1704 1387 5047],8
623,624,POINT (744809.1129256649 5033661.318859534),[1725 1973 2022 4043],8
624,625,POINT (742251.016322293 5025787.955383787),[1310 1620 1338 5341],8
625,626,POINT (734098.9497146602 5025220.595436735),[1362 1584 1380 4432],8
626,627,POINT (736318.6210864576 5026315.500597712),[1314 1571 1325 4904],8
627,628,POINT (745525.7781219402 5035333.537650844),[1941 2208 2148 3350],8
628,629,POINT (737821.6272619796 5039026.354148318),[1517 1734 1536 3951],8
629,630,POINT (738588.0608746631 5026295.593231148),[2910 3530 3684 4632],8
630,631,POINT (741673.7026919599 5032367.340032926),[1502 1619 1532 3132],8
631,632,POINT (743714.2077646885 5033283.078894833),[1752 2096 1942 4401],8
632,633,POINT (742211.2015891665 5026156.241665206),[1890 2122 2024 3471],8
633,634,POINT (746680.4053826062 5032785.394730753),[1300 1564 1352 4587],8
634,635,POINT (743684.3467148438 5030525.908625829),[2390 2332 2224 2988],8
635,636,POINT (740459.3533316044 5030665.260191772),[1930 2094 1968 3473],8
636,637,POINT (745854.2496702331 5028793.96773483),[1860 2048 2058 4822],8
637,638,POINT (734556.8191456139 5031441.647487737),[1749 2024 1898 3667],8
638,639,POINT (733461.9139846376 5026434.94479709),[1526 1659 1570 3468],8
639,640,POINT (747944.5231593697 5032735.626314346),[1592 1902 1810 3920],8
640,641,POINT (744898.6960751993 5031451.601171019),[1505 1834 1616 4788],8
641,642,POINT (735094.3180428204 5028365.959353722),[1592 1737 1706 3151],8
642,643,POINT (740708.1954136444 5023717.589261213),[1394 1728 1431 4901],8
643,644,POINT (739891.993384553 5033651.365176253),[1930 2390 1862 3788],8
644,645,POINT (733262.8403190055 5026245.824814741),[1416 1710 1528 4564],8
645,646,POINT (746829.7106318303 5039663.389878341),[1425 1599 1366 3946],8
646,647,POINT (737881.3493616693 5040230.749825392),[1938 1935 1876 3774],8
647,648,POINT (732526.2677561669 5031152.990672571),[1348 1606 1442 4673],8
648,649,POINT (736169.3158372336 5025160.873337045),[1314 1638 1270 6044],8
649,650,POINT (738030.6546108933 5031580.999053679),[1912 2080 2112 3382],8
650,651,POINT (745585.5002216299 5034159.003023614),[2056 2240 2226 2687],8
651,652,POINT (740200.5575662827 5032198.127417139),[1459 1725 1607 3768],8
652,653,POINT (745157.491840521 5024265.041841702),[1387 1679 1434 4220],8
653,654,POINT (749218.5946194149 5030993.731740065),[1339 1667 1417 4792],8
654,655,POINT (739623.2439359498 5032446.969499179),[1741 1886 1747 3666],8
655,656,POINT (740887.3617127133 5039852.509860692),[2118 2262 1913 3436],8
656,657,POINT (742579.4878705858 5028614.801435762),[1817 2064 2072 3362],8
657,658,POINT (746889.4327315198 5029620.123447204),[1679 1882 1867 3571],8
658,659,POINT (736079.7326876991 5030953.917006939),[2282 2438 2344 3043],8
659,660,POINT (734258.2086471658 5034437.706155499),[1621 1908 1752 3576],8
660,661,POINT (752264.4217035854 5039364.779379893),[1740 1903 1840 2521],8
661,662,POINT (739284.8187043753 5033064.0978626385),[1492 1664 1639 2995],8
662,663,POINT (740110.9744167483 5029082.624549997),[2268 2484 2528 3121],8
663,664,POINT (748691.0494054899 5036488.1649115095),[1214 1393 1222 4960],8
664,665,POINT (733153.3498029079 5027171.517359929),[1914 2108 2038 2799],8
665,666,POINT (740777.8711966157 5027878.228872923),[1616 1933 1728 4088],8
666,667,POINT (736776.4905174114 5025071.290187511),[1610 1787 1955 3000],8
667,668,POINT (732367.0088236613 5031849.748502282),[1431 1648 1436 5017],8
668,669,POINT (745376.4728727163 5031252.527505387),[1552 1744 1700 3803],8
669,670,POINT (744271.6140284583 5023876.848193719),[1314 1643 1370 5244],8
670,671,POINT (732048.4909586499 5025240.502803299),[1566 1788 1511 4828],8
671,672,POINT (734427.4212629531 5027062.026843832),[1511 1688 1614 4077],8
672,673,POINT (737980.8861944852 5040270.564558519),[1902 2230 2070 3496],8
673,674,POINT (742758.6541696547 5032646.043164811),[2064 2286 2300 3375],8
674,675,POINT (734935.0591103148 5024772.679689063),[1658 1949 1839 3578],8
675,676,POINT (742489.9047210513 5027709.016257136),[1422 1763 1521 4300],8
676,677,POINT (744341.2898114296 5034865.714536608),[1426 1690 1452 4805],8
677,678,POINT (744152.1698290791 5033930.068308137),[1863 2016 2042 3766],8
678,679,POINT (735552.1874737742 5030217.3444441),[2486 2558 2654 3343],8
679,680,POINT (735293.3917084525 5026136.334298642),[2110 2280 2276 3571],8
680,681,POINT (738259.5893263702 5031849.748502282),[2272 2566 2428 3237],8
681,682,POINT (735502.4190573662 5022961.109331811),[1580 1798 1514 3956],8
682,683,POINT (747397.0705788817 5032556.460015276),[1490 1780 1564 4352],8
683,684,POINT (738408.8945755942 5029022.902450307),[1494 1825 1548 4665],8
684,685,POINT (743116.9867677924 5029431.003464853),[1596 1822 1843 3061],8
685,686,POINT (734885.2906939067 5030724.982291462),[1506 1676 1531 4393],8
686,687,POINT (736457.9726524 5028385.866720285),[2042 2250 2124 3375],8
687,688,POINT (743226.47728389 5034756.224020511),[1350 1678 1416 4611],8
688,689,POINT (736408.204235992 5028565.033019354),[1492 1783 1596 4680],8
689,690,POINT (736238.9916202048 5029221.976115939),[1644 1944 1771 3280],8
690,691,POINT (735124.1790926652 5030446.279159577),[1728 1850 1770 3247],8
691,692,POINT (738777.1808570136 5029918.733945652),[1764 2058 2074 3689],8
692,693,POINT (742848.2373191891 5031760.165352748),[2238 2566 2616 3685],8
693,694,POINT (749298.2240856678 5036746.960676831),[1290 1454 1234 4966],8
694,695,POINT (735452.6506409581 5028624.755119043),[1809 1860 1825 2903],8
695,696,POINT (742927.8667854419 5033551.828343437),[1244 1464 1241 5228],8
696,697,POINT (735751.2611394062 5021786.574704582),[1922 2160 2252 3307],8
697,698,POINT (739215.142921404 5037493.486922951),[1534 1834 1643 4765],8
698,699,POINT (746013.5086027388 5027868.275189642),[1424 1700 1455 4396],8
699,700,POINT (752164.8848707693 5036627.516477452),[1570 1787 1572 3959],8
700,701,POINT (732665.6193221094 5023737.496627776),[1268 1265 1165 1179],9
701,702,POINT (732974.1835038391 5024255.088158419),[1212 1228 1127 1134],9
702,703,POINT (733342.4697852583 5024225.2271085745),[1236 1232 1142 1134],9
703,704,POINT (744659.8076764408 5030316.881276916),[1220 1256 1284 1226],9
704,705,POINT (738826.9492734215 5040529.360323841),[1210 1251 1288 1221],9
705,706,POINT (741663.7490086784 5035632.148149292),[1222 1283 1180 1282],9
706,707,POINT (732257.5183075636 5023478.700862454),[1241 1248 1136 1157],9
707,708,POINT (734437.3749462346 5025180.780703609),[1213 1206 1124 1136],9
708,709,POINT (744112.3550959526 5024225.2271085745),[1213 1275 1230 1560],9
709,710,POINT (746242.4433182157 5026783.323711947),[1298 1488 1245 4300],9
710,711,POINT (741902.6374074369 5031531.230637271),[1288 1372 1287 1637],9
711,712,POINT (743186.6625507636 5033014.32944623),[1213 1271 1322 1256],9
712,713,POINT (733541.5434508903 5024633.328123121),[1269 1330 1197 1613],9
713,714,POINT (732745.2487883621 5023976.385026535),[1246 1261 1149 1152],9
714,715,POINT (732994.0908704022 5023976.385026535),[1230 1240 1132 1120],9
715,716,POINT (734258.2086471658 5025140.965970483),[1210 1212 1128 1167],9
716,717,POINT (731978.8151756787 5024722.911272655),[1236 1258 1142 1182],9
717,718,POINT (747168.1358634047 5025509.252251902),[1228 1296 1212 1562],9
718,719,POINT (736069.7790044175 5026275.685864585),[1222 1264 1154 1205],9
719,720,POINT (731909.1393927075 5024255.088158419),[1266 1269 1155 1180],9
720,721,POINT (732108.2130583395 5022762.035666179),[1306 1310 1220 1238],9
721,722,POINT (749437.5756516102 5031162.944355852),[1345 1398 1458 1452],9
722,723,POINT (741325.3237771038 5036050.202847119),[1217 1262 1261 1648],9
723,724,POINT (735582.048523619 5024912.031255006),[1251 1411 1216 3181],9
724,725,POINT (746162.8138519628 5027519.8962747855),[1210 1342 1214 2311],9
725,726,POINT (733113.5350697815 5022294.212551944),[1230 1231 1133 1140],9
726,727,POINT (732337.1477738165 5022463.425167731),[1360 1342 1265 1288],9
727,728,POINT (732078.3520084948 5023628.006111679),[1242 1243 1132 1147],9
728,729,POINT (733173.2571694711 5024205.319742012),[1222 1231 1131 1123],9
729,730,POINT (746202.6285850892 5026624.064779441),[1279 1356 1290 1705],9
730,731,POINT (731948.9541258339 5022791.896716024),[1286 1287 1198 1194],9
731,732,POINT (732705.4340552357 5023478.700862454),[1246 1227 1136 1143],9
732,733,POINT (740349.8628155068 5039872.417227254),[1221 1275 1298 1468],9
733,734,POINT (737751.9514790084 5040748.341356035),[1266 1310 1332 1418],9
734,735,POINT (743226.47728389 5032984.468396385),[1237 1291 1316 1279],9
735,736,POINT (739732.7344520474 5024832.4017887525),[2112 2284 1401 1145],9
736,737,POINT (732287.3793574084 5022533.100950702),[1384 1372 1278 1300],9
737,738,POINT (733083.6740199367 5024434.254457489),[1234 1266 1169 1229],9
738,739,POINT (744201.938245487 5030934.009640375),[1229 1268 1290 1266],9
739,740,POINT (732546.1751227301 5024175.458692167),[1240 1252 1138 1158],9
740,741,POINT (733282.7476855688 5022224.536768973),[1227 1255 1160 1132],9
741,742,POINT (731948.9541258339 5022572.915683828),[1344 1355 1284 1269],9
742,743,POINT (732227.6572577188 5024265.041841702),[1363 1353 1277 1290],9
743,744,POINT (743883.4203804758 5031919.4242852535),[1188 1256 1284 1254],9
744,745,POINT (732247.5646242821 5024095.829225914),[1327 1360 1279 1282],9
745,746,POINT (738757.2734904503 5030615.491775364),[1209 1294 1187 1889],9
746,747,POINT (744231.7992953319 5031162.944355852),[1206 1286 1317 1349],9
747,748,POINT (743604.7172485909 5022712.267249771),[1249 1348 1276 2121],9
748,749,POINT (733242.9329524423 5023667.820844805),[1202 1220 1132 1133],9
749,750,POINT (732556.1288060118 5022144.90730272),[1234 1237 1148 1149],9
750,751,POINT (740469.3070148859 5039723.111978031),[1237 1266 1291 1278],9
751,752,POINT (732954.2761372759 5023827.079777311),[1223 1228 1129 1120],9
752,753,POINT (732814.9245713333 5022363.888334915),[1229 1230 1134 1136],9
753,754,POINT (738160.0524935541 5030008.317095187),[1231 1335 1208 1576],9
754,755,POINT (735900.5663886303 5025260.410169861),[1217 1236 1129 1101],9
755,756,POINT (747098.4600804335 5028604.84775248),[1238 1248 1284 1243],9
756,757,POINT (741962.3595071264 5031720.350619622),[1215 1267 1164 1194],9
757,758,POINT (731889.2320261443 5024424.300774207),[1278 1288 1205 1196],9
758,759,POINT (740887.3617127133 5031342.110654921),[1222 1268 1168 1173],9
759,760,POINT (737811.6735786981 5040738.387672754),[1346 1397 1438 1362],9
760,761,POINT (742012.1279235345 5034368.030372528),[1211 1271 1290 1204],9
761,762,POINT (751259.0996921435 5037314.320623883),[1181 1230 1178 1309],9
762,763,POINT (747775.3105435825 5028843.736151239),[1198 1247 1262 1243],9
763,764,POINT (731988.7688589604 5023827.079777311),[1240 1242 1138 1139],9
764,765,POINT (740250.3259826908 5037254.598524193),[1221 1271 1293 1251],9
765,766,POINT (736338.5284530208 5026683.786879131),[1221 1254 1164 1267],9
766,767,POINT (733103.5813864998 5023170.136680725),[1222 1232 1139 1149],9
767,768,POINT (738976.2545226456 5040399.96244118),[1256 1520 1257 5544],9
768,769,POINT (746222.5359516524 5029012.948767026),[1206 1282 1295 1279],9
769,770,POINT (736039.9179545727 5025280.317536425),[1218 1204 1135 1137],9
770,771,POINT (732307.2867239716 5022891.43354884),[1265 1260 1152 1168],9
771,772,POINT (738717.4587573239 5040390.008757898),[1212 1248 1291 1207],9
772,773,POINT (731929.0467592707 5024693.05022281),[1252 1252 1153 1158],9
773,774,POINT (732964.2298205574 5023498.608229018),[1234 1222 1132 1123],9
774,775,POINT (746192.6749018077 5027390.498392125),[1223 1419 1229 4108],9
775,776,POINT (740966.9911789661 5031073.361206317),[1237 1312 1198 1640],9
776,777,POINT (732347.101457098 5023050.6924813455),[1251 1264 1139 1176],9
777,778,POINT (744819.0666089464 5030267.112860507),[1197 1267 1288 1224],9
778,779,POINT (732854.7393044598 5022274.30518538),[1250 1220 1145 1140],9
779,780,POINT (732416.7772400692 5033372.662044368),[1288 1445 1292 2649],9
780,781,POINT (738926.4861062375 5040469.638224151),[1218 1272 1296 1238],9
781,782,POINT (731829.5099264546 5021706.9452383295),[1234 1214 1143 1143],9
782,783,POINT (749975.0745488168 5023996.292393098),[1300 1468 1305 3182],9
783,784,POINT (738219.7745932437 5030366.649693324),[1226 1285 1177 1391],9
784,785,POINT (736278.8063533312 5037374.042723572),[1264 1423 1290 2751],9
785,786,POINT (740598.7048975468 5031590.952736961),[1253 1278 1188 1214],9
786,787,POINT (733282.7476855688 5023667.820844805),[1232 1240 1147 1139],9
787,788,POINT (740538.9827978573 5038439.086834704),[1219 1261 1282 1246],9
788,789,POINT (741404.9532433567 5031083.3148896),[1313 1410 1304 1878],9
789,790,POINT (733690.8487001144 5024703.003906092),[1322 1368 1312 1791],9
790,791,POINT (741514.4437594543 5035462.935533505),[1228 1262 1288 1234],9
791,792,POINT (733143.3961196262 5023747.450311058),[1216 1231 1125 1106],9
792,793,POINT (737672.3220127556 5028405.774086848),[1229 1259 1144 1268],9
793,794,POINT (742032.0352900977 5034368.030372528),[1223 1279 1300 1242],9
794,795,POINT (740538.9827978573 5038369.4110517325),[1209 1332 1251 2035],9
795,796,POINT (733232.9792691607 5022035.416786622),[1234 1238 1141 1130],9
796,797,POINT (748153.5505082834 5029620.123447204),[1234 1263 1312 1290],9
797,798,POINT (743166.7551842004 5022692.359883208),[1217 1426 1224 3767],9
798,799,POINT (745943.8328197675 5029590.262397359),[1241 1290 1310 1324],9
799,800,POINT (751726.9228063789 5024603.467073276),[1244 1326 1246 1879],9
800,801,POINT (739075.7913554616 5036955.988025745),[1327 1740 1305 6268],11
801,802,POINT (733541.5434508903 5022353.934651634),[1456 1777 1668 4240],11
802,803,POINT (736885.9810335089 5037085.385908405),[1396 1698 1428 4351],11
803,804,POINT (744530.40979378 5024225.2271085745),[1518 1858 1709 3566],11
804,805,POINT (733571.4045007352 5022274.30518538),[1417 1756 1592 4666],11
805,806,POINT (739673.0123523577 5027350.683658998),[1347 1582 1330 4340],11
806,807,POINT (742460.0436712066 5034198.817756741),[1566 1782 1785 3224],11
807,808,POINT (745575.5465383483 5025559.020668309),[1510 1797 1631 3198],11
808,809,POINT (745605.4075881931 5025688.41855097),[1499 1764 1620 2730],11
809,810,POINT (748800.5399215876 5034079.373557362),[1308 1621 1324 5108],11
810,811,POINT (742509.8120876146 5034139.095657052),[1606 1812 1868 3156],11
811,812,POINT (738996.1618892087 5037005.756442153),[1363 1849 1327 6848],11
812,813,POINT (744540.3634770616 5026723.601612257),[1309 1550 1312 3856],11
813,814,POINT (747785.2642268641 5023508.561912299),[1366 1656 1384 5351],11
814,815,POINT (752304.2364367119 5030655.30650849),[1360 1642 1442 4489],11
815,816,POINT (737632.5072796291 5034019.651457672),[1501 1762 1687 3586],11
816,817,POINT (741345.231143667 5040778.20240588),[1343 1594 1304 5864],11
817,818,POINT (739424.1702703177 5035353.445017407),[1452 1939 1514 6400],11
818,819,POINT (736686.9073678768 5025409.715419086),[1320 1514 1324 4276],11
819,820,POINT (742440.1363046434 5025349.993319396),[1346 1788 1367 6060],11
820,821,POINT (736716.7684177217 5025439.576468931),[1329 1619 1364 4640],11
821,822,POINT (734656.3559784299 5036637.470160734),[1572 1900 1822 4116],11
822,823,POINT (739394.3092204729 5027330.776292435),[1374 1726 1398 5273],11
823,824,POINT (736846.1663003826 5037085.385908405),[1336 1574 1332 4140],11
824,825,POINT (748919.9841209669 5034069.41987408),[1330 1638 1417 4876],11
825,826,POINT (733989.4591985625 5040778.20240588),[1326 1652 1352 5000],11
826,827,POINT (733491.7750344824 5039404.594113019),[1334 1628 1418 4845],11
827,828,POINT (748900.0767544036 5034178.910390178),[1327 1653 1401 4895],11
828,829,POINT (750990.3502435402 5027171.517359929),[1310 1631 1380 4717],11
829,830,POINT (745983.647552894 5036040.249163837),[1376 1712 1458 4791],11
830,831,POINT (748919.9841209669 5034089.327240643),[1276 1598 1284 5139],11
831,832,POINT (747546.3758281056 5027450.220491814),[1356 1722 1480 4484],11
832,833,POINT (733362.3771518215 5039225.42781395),[1316 1602 1380 5113],11
833,834,POINT (749318.131452231 5027639.340474165),[1426 1786 1540 4689],11
834,835,POINT (739264.9113378121 5027440.266808532),[1357 1684 1436 4664],11
835,836,POINT (749009.5672705013 5033959.929357982),[1316 1652 1346 5140],11
836,837,POINT (738408.8945755942 5037553.209022641),[1543 1831 1792 4620],11
837,838,POINT (739075.7913554616 5027440.266808532),[1346 1681 1465 4633],11
838,839,POINT (733999.4128818441 5040658.758206502),[1415 1683 1458 4532],11
839,840,POINT (736736.675784285 5022901.387232122),[1603 2004 1888 5134],11
840,841,POINT (741365.1385102302 5024752.7723225),[1302 1530 1395 4473],11
841,842,POINT (742489.9047210513 5034129.141973769),[1397 1534 1546 2908],11
842,843,POINT (742698.932069965 5040618.9434733745),[1379 1644 1413 4095],11
843,844,POINT (747655.8663442032 5023468.747179173),[1382 1706 1546 4452],11
844,845,POINT (747556.3295113873 5027529.849958067),[1352 1686 1430 4474],11
845,846,POINT (745834.34230367 5038309.688952043),[1535 1813 1807 3207],11
846,847,POINT (744838.9739755096 5024533.791290305),[1424 1731 1581 3853],11
847,848,POINT (738876.7176898295 5027370.591025561),[1320 1650 1314 5421],11
848,849,POINT (739643.151302513 5027320.822609154),[1401 1666 1416 5233],11
849,850,POINT (751617.4322902813 5028286.329887468),[1560 1860 1802 3856],11
850,851,POINT (750781.3228946265 5030645.352825209),[1288 1531 1327 4351],11
851,852,POINT (738617.9219245078 5039135.844664416),[1465 1762 1693 3722],11
852,853,POINT (738936.4397895192 5027370.591025561),[1334 1684 1406 4673],11
853,854,POINT (743186.6625507636 5038936.770998784),[1403 1697 1438 3430],11
854,855,POINT (747805.1715934273 5023528.469278863),[1370 1642 1400 5164],11
855,856,POINT (746232.4896349341 5038339.550001888),[1368 1698 1409 4431],11
856,857,POINT (750721.600794937 5030575.6770422375),[1356 1698 1444 4804],11
857,858,POINT (748362.577857197 5027300.91524259),[1444 1786 1594 4397],11
858,859,POINT (739702.8734022026 5027320.822609154),[1428 1804 1573 4260],11
859,860,POINT (742579.4878705858 5034129.141973769),[1301 1434 1379 3909],11
860,861,POINT (739125.5597718696 5037692.560588583),[1323 1642 1365 5052],11
861,862,POINT (744251.7066618952 5022045.370469904),[1497 1745 1795 3573],11
862,863,POINT (748850.3083379957 5034069.41987408),[1340 1650 1392 4889],11
863,864,POINT (747635.95897764 5027539.803641348),[1370 1679 1510 4200],11
864,865,POINT (745615.3612714747 5025807.86275035),[1429 1776 1510 3189],11
865,866,POINT (739145.4671384328 5027390.498392125),[1330 1646 1333 5013],11
866,867,POINT (734397.5602131082 5036478.211228228),[1626 1980 1880 4860],11
867,868,POINT (744042.6793129814 5026494.66689678),[1382 1598 1574 2954],11
868,869,POINT (749318.131452231 5027539.803641348),[1444 1728 1641 4132],11
869,870,POINT (742460.0436712066 5034119.188290488),[1433 1621 1526 3338],11
870,871,POINT (739055.8839888984 5038269.8742189165),[1327 1586 1332 4747],11
871,872,POINT (749208.6409361333 5026206.010081613),[1342 1670 1358 4288],11
872,873,POINT (736866.0736669458 5025479.391202057),[1322 1655 1389 4732],11
873,874,POINT (738578.1071913814 5039125.890981134),[1493 1763 1720 4055],11
874,875,POINT (736438.0652858368 5035174.278718338),[1418 1762 1505 5233],11
875,876,POINT (737652.4146461923 5034019.651457672),[1453 1713 1628 3821],11
876,877,POINT (739891.993384553 5029460.864514698),[1415 1720 1486 4797],11
877,878,POINT (739235.0502879672 5027430.313125251),[1360 1658 1378 4932],11
878,879,POINT (736716.7684177217 5025459.483835493),[1318 1636 1373 4636],11
879,880,POINT (742051.9426566608 5039802.741444283),[1559 1834 1752 4232],11
880,881,POINT (745963.7401863307 5038827.280482686),[1386 1746 1498 4452],11
881,882,POINT (749208.6409361333 5025389.808052522),[1371 1686 1346 5307],11
882,883,POINT (748382.4852237602 5027161.563676648),[1260 1453 1268 3690],11
883,884,POINT (739414.216587036 5035363.398700688),[1430 1791 1474 5555],11
884,885,POINT (733989.4591985625 5040768.248722599),[1392 1691 1494 4368],11
885,886,POINT (741345.231143667 5040668.711889783),[1358 1636 1332 5767],11
886,887,POINT (751856.3206890397 5033462.245193902),[1534 1772 1902 2928],11
887,888,POINT (751597.5249237181 5022085.18520303),[1346 1705 1383 5145],11
888,889,POINT (749019.5209537828 5034059.466190798),[1326 1676 1424 4748],11
889,890,POINT (750243.82399742 5022951.1556485295),[1269 1487 1260 5096],11
890,891,POINT (745366.5191894346 5025568.974351591),[1452 1692 1554 3270],11
891,892,POINT (738856.8103232663 5027340.729975716),[1342 1665 1378 4928],11
892,893,POINT (739205.1892381224 5027430.313125251),[1338 1654 1395 4932],11
893,894,POINT (742549.626820741 5034109.234607207),[1500 1678 1705 3408],11
894,895,POINT (738916.532422956 5027370.591025561),[1340 1629 1364 4852],11
895,896,POINT (742539.6731374594 5040728.433989473),[1343 1651 1355 5137],11
896,897,POINT (733282.7476855688 5039056.215198163),[1310 1622 1380 4708],11
897,898,POINT (747496.6074116976 5027450.220491814),[1390 1720 1525 4265],11
898,899,POINT (739175.3281882777 5027509.942591504),[1342 1720 1352 5480],11
899,900,POINT (733989.4591985625 5040678.665573064),[1540 1802 1751 4082],11
900,901,POINT (738020.7009276117 5022005.555736777),[1371 1592 1466 3272],12
901,902,POINT (738120.2377604278 5025549.066985028),[1511 1788 1618 4400],12
902,903,POINT (741683.6563752416 5031381.9253880475),[1650 1894 1674 5141],12
903,904,POINT (749795.9082497479 5039772.880394438),[1440 1798 1659 4327],12
904,905,POINT (732964.2298205574 5030655.30650849),[1576 1903 1742 3906],12
905,906,POINT (732585.9898558565 5030406.46442645),[1563 1842 1710 4200],12
906,907,POINT (732874.646671023 5030366.649693324),[1283 1493 1250 4474],12
907,908,POINT (748740.817821898 5028913.41193421),[2166 2210 2232 3056],12
908,909,POINT (744600.0855767512 5027738.877306981),[1580 1778 1674 3568],12
909,910,POINT (749845.6766661559 5039474.26989599),[1356 1676 1455 3920],12
910,911,POINT (736826.2589338194 5037015.710125434),[1350 1654 1438 3827],12
911,912,POINT (748681.0957222084 5039782.8340777205),[1484 1792 1684 3521],12
912,913,POINT (751916.0427887293 5038578.438400646),[1561 1902 1820 3746],12
913,914,POINT (745734.8054708539 5027410.405758687),[1657 1926 1794 3755],12
914,915,POINT (748790.586238306 5040728.433989473),[1814 2174 1968 4400],12
915,916,POINT (732655.6656388277 5030904.14859053),[1481 1852 1554 4589],12
916,917,POINT (734337.8381134187 5026116.42693208),[1450 1730 1510 4012],12
917,918,POINT (744769.2981925384 5036786.775409957),[1692 1875 1787 3130],12
918,919,POINT (749865.5840327191 5039524.038312399),[1322 1581 1440 4010],12
919,920,POINT (748691.0494054899 5040240.703508674),[1286 1492 1393 3401],12
920,921,POINT (751836.4133224764 5038518.716300957),[1278 1524 1327 3733],12
921,922,POINT (740170.6965164379 5024802.540738908),[1623 1926 1718 3920],12
922,923,POINT (732446.6382899141 5030585.630725519),[1472 1795 1543 4783],12
923,924,POINT (749148.9188364437 5021766.667338019),[1368 1530 1424 2693],12
924,925,POINT (748561.6515228292 5024274.995524983),[1243 1364 1284 1616],12
925,926,POINT (737214.4525818018 5035024.973469114),[1520 1738 1584 4917],12
926,927,POINT (732944.3224539942 5030426.371793013),[1433 1636 1526 3380],12
927,928,POINT (749855.6303494375 5039533.99199568),[1556 1784 1724 4043],12
928,929,POINT (734357.7454799818 5026066.658515671),[1272 1537 1249 4568],12
929,930,POINT (737751.9514790084 5026653.925829286),[1368 1660 1472 4227],12
930,931,POINT (732376.9625069428 5031551.1380038345),[1602 2078 1706 4351],12
931,932,POINT (749736.1861500583 5039643.482511777),[1334 1708 1394 5156],12
932,933,POINT (750263.7313639832 5038618.253133773),[1633 1908 1708 4315],12
933,934,POINT (749288.2704023862 5040559.221373685),[1476 1834 1598 4352],12
934,935,POINT (749517.205117863 5039344.8720133295),[1472 1758 1688 3788],12
935,936,POINT (749019.5209537828 5040618.9434733745),[1213 1462 1220 5184],12
936,937,POINT (752413.7269528095 5038080.754236566),[1282 1560 1331 3907],12
937,938,POINT (738936.4397895192 5028913.41193421),[1491 1814 1702 4361],12
938,939,POINT (749198.6872528518 5039782.8340777205),[1326 1623 1465 4017],12
939,940,POINT (734477.1896793611 5034397.891422373),[1605 1788 1750 3202],12
940,941,POINT (742310.7384219825 5035472.889216786),[1622 1872 1763 3302],12
941,942,POINT (732974.1835038391 5030665.260191772),[1546 1840 1612 4053],12
942,943,POINT (734367.6991632634 5040509.452957277),[1353 1628 1442 3601],12
943,944,POINT (742479.9510377698 5035572.426049602),[1356 1670 1394 4616],12
944,945,POINT (740489.2143814492 5026773.370028665),[1412 1730 1440 4605],12
945,946,POINT (742410.2752547986 5023399.071396202),[1304 1534 1408 3418],12
946,947,POINT (734377.652846545 5026106.4732487975),[1344 1615 1338 4483],12
947,948,POINT (750014.8892819432 5039882.3709105365),[1378 1602 1425 3542],12
948,949,POINT (744610.0392600328 5027768.738356826),[1695 1960 1836 3424],12
949,950,POINT (749805.8619330295 5040758.295039318),[1341 1630 1400 3734],12
950,951,POINT (748661.1883556452 5039772.880394438),[1376 1660 1458 4164],12
951,952,POINT (751985.7185717005 5038299.735268761),[1294 1582 1298 4459],12
952,953,POINT (738926.4861062375 5029331.466632037),[1491 1818 1656 4184],12
953,954,POINT (736647.0926347505 5036518.025961354),[1405 1694 1480 3841],12
954,955,POINT (732765.1561549254 5030466.18652614),[1872 2284 2342 3927],12
955,956,POINT (749238.5019859781 5039852.509860692),[1248 1516 1264 4698],12
956,957,POINT (740300.0943990988 5026683.786879131),[1942 2440 2356 4200],12
957,958,POINT (739264.9113378121 5036637.470160734),[1478 1654 1574 3131],12
958,959,POINT (744649.8539931593 5026813.1847617915),[1374 1678 1422 4647],12
959,960,POINT (742360.5068383906 5023428.932446047),[1318 1572 1387 4015],12
960,961,POINT (742370.4605216722 5023418.978762765),[1296 1534 1311 3792],12
961,962,POINT (748740.817821898 5039603.667778651),[1404 1686 1486 4061],12
962,963,POINT (748740.817821898 5023528.469278863),[1460 1736 1508 4230],12
963,964,POINT (742370.4605216722 5035592.333416165),[1312 1570 1360 4464],12
964,965,POINT (737015.3789161697 5026036.797465826),[1390 1650 1562 3982],12
965,966,POINT (742300.784738701 5035512.703949912),[1425 1756 1604 4053],12
966,967,POINT (744619.9929433144 5027659.247840728),[1520 1869 1628 4427],12
967,968,POINT (749656.5566838054 5039484.223579272),[1496 1761 1594 4199],12
968,969,POINT (742022.081606816 5031471.508537582),[1653 1852 1703 3950],12
969,970,POINT (748541.744156266 5039792.787761002),[1426 1713 1514 4020],12
970,971,POINT (749138.9651531621 5021696.991555047),[1293 1425 1272 3503],12
971,972,POINT (732526.2677561669 5030535.862309111),[1484 1850 1562 4340],12
972,973,POINT (732446.6382899141 5031600.906420243),[1596 2011 1716 3630],12
973,974,POINT (749507.2514345815 5039384.686746456),[1464 1745 1616 3655],12
974,975,POINT (740538.9827978573 5026713.6479289755),[1602 2042 1726 4523],12
975,976,POINT (749278.3167191045 5040509.452957277),[1422 1703 1583 3821],12
976,977,POINT (748780.6325550245 5039693.250928186),[1548 1831 1701 3862],12
977,978,POINT (741982.2668736896 5031421.740121174),[1347 1482 1405 3118],12
978,979,POINT (742340.5994718274 5035502.750266631),[1515 1768 1580 4046],12
979,980,POINT (732576.0361725749 5030436.325476295),[1322 1552 1316 4552],12
980,981,POINT (746172.7675352445 5025290.271219706),[1374 1943 1328 6621],12
981,982,POINT (737801.7198954164 5026634.018462723),[1378 1644 1464 4076],12
982,983,POINT (739991.5302173691 5024663.1891729655),[1428 1759 1458 4700],12
983,984,POINT (744799.1592423832 5027718.969940417),[1522 1821 1670 3586],12
984,985,POINT (738976.2545226456 5028953.226667336),[1475 1725 1708 3389],12
985,986,POINT (751925.996472011 5028395.820403567),[1946 2244 1980 4260],12
986,987,POINT (752344.0511698383 5030754.843341306),[1385 1596 1404 3702],12
987,988,POINT (746302.1654179053 5025349.993319396),[1272 1536 1301 3811],12
988,989,POINT (745326.7044563082 5026514.574263344),[1343 1670 1447 4368],12
989,990,POINT (740359.8164987883 5024732.864955937),[1746 2232 1918 4895],12
990,991,POINT (740061.2060003403 5024683.096539528),[1386 1796 1415 5147],12
991,992,POINT (738926.4861062375 5028943.272984055),[1447 1756 1636 4398],12
992,993,POINT (748810.4936048692 5039713.1582947485),[1399 1656 1544 3456],12
993,994,POINT (749019.5209537828 5040648.804523219),[1360 1600 1424 3479],12
994,995,POINT (749606.7882673974 5022204.629402409),[1550 1852 1702 3962],12
995,996,POINT (735641.7706233086 5023468.747179173),[1351 1624 1388 4228],12
996,997,POINT (749497.2977512998 5039414.547796301),[1305 1574 1412 3906],12
997,998,POINT (748810.4936048692 5039693.250928186),[1560 1849 1648 3660],12
998,999,POINT (732804.9708880518 5030336.788643479),[1352 1613 1378 4240],12
999,1000,POINT (749387.8072352022 5039593.71409537),[1198 1338 1256 3164],12
